<?xml version="1.0" encoding="UTF-8"?>
<project-private xmlns="http://www.netbeans.org/ns/project-private/1">
    <editor-bookmarks xmlns="http://www.netbeans.org/ns/editor-bookmarks/2" lastBookmarkId="0"/>
    <open-files xmlns="http://www.netbeans.org/ns/projectui-open-files/2">
        <group>
            <file>file:/C:/Users/sys.4/Documents/NetBeansProjects/OnlineQuiz/web/test.jsp</file>
            <file>file:/C:/Users/sys.4/Documents/NetBeansProjects/OnlineQuiz/web/META-INF/context.xml</file>
            <file>file:/C:/Users/sys.4/Documents/NetBeansProjects/OnlineQuiz/web/index.html</file>
            <file>file:/C:/Users/sys.4/Documents/NetBeansProjects/OnlineQuiz/web/ques.jsp</file>
            <file>file:/C:/Users/sys.4/Documents/NetBeansProjects/OnlineQuiz/src/java/controller/QuestionController.java</file>
            <file>file:/C:/Users/sys.4/Documents/NetBeansProjects/OnlineQuiz/src/java/model/Question.java</file>
            <file>file:/C:/Users/sys.4/Documents/NetBeansProjects/OnlineQuiz/src/java/model/QuestionEvaluation.java</file>
            <file>file:/C:/Users/sys.4/Documents/NetBeansProjects/OnlineQuiz/web/result.jsp</file>
            <file>file:/C:/Users/sys.4/Documents/NetBeansProjects/OnlineQuiz/src/java/model/QuestionDAO.java</file>
            <file>file:/C:/Users/sys.4/Documents/NetBeansProjects/OnlineQuiz/web/exam.jsp</file>
        </group>
    </open-files>
</project-private>
